Year,Monat,Inland waterways transport
2016,1,107.21974750000001
2016,2,105.88771270000001
2016,3,106.87469579999998
2016,4,103.6526446
2016,5,101.869405
2016,6,102.205539
2016,7,99.12065546
2016,8,106.3713274
2016,9,114.21144869999999
2016,10,117.1268294
2016,11,113.96909939999999
2016,12,126.85888510000001
