Year,Monat,Inland waterways transport
2017,1,133.52464550000002
2017,2,122.1437342
2017,3,114.7655213
2017,4,113.29341809999998
2017,5,116.09121370000001
2017,6,113.87673429999998
2017,7,109.7807547
2017,8,107.02826340000001
2017,9,105.44321770000002
2017,10,108.2121828
2017,11,109.0848085
2017,12,101.9431122
