Year,Monat,Inland waterways transport
2018,1,90.47178665
2018,2,103.5115724
2018,3,114.32743119999999
2018,4,106.14312659999999
2018,5,104.66758759999999
2018,6,108.984371
2018,7,116.5827183
2018,8,127.56128590000002
2018,9,117.0178027
2018,10,111.27233799999999
2018,11,115.8097931
2018,12,106.8985015
