Year,Monat,Inland waterways transport
2020,1,109.5230469
2020,2,98.13012844
2020,3,100.8249426
2020,4,106.0597712
2020,5,105.47796480000001
2020,6,108.1043385
2020,7,109.9385283
2020,8,89.26913023
2020,9,102.10055899999999
2020,10,97.76832449
2020,11,100.86
