Year,Monat,Inland waterways transport
2019,1,100.56911120000001
2019,2,107.3371196
2019,3,106.84826329999999
2019,4,103.7626897
2019,5,109.86617790000001
2019,6,98.39503639
2019,7,95.87885072
2019,8,94.62144317
2019,9,94.94945788
2019,10,98.97076244
2019,11,92.90670257
2019,12,98.29453627
