Monat,Import,Year
1,92.91799999999999,2020
2,88.882,2020
3,91.70700000000001,2020
4,72.281,2020
5,73.262,2020
6,80.635,2020
7,83.11200000000001,2020
8,79.406,2020
9,89.249,2020
10,92.73200000000001,2020
11,94.57829509,2020
