Monat,Import,Year
1,92.91799999999999,2020
2,88.882,2020
3,91.70700000000001,2020
4,72.28,2020
5,73.262,2020
6,80.63600000000001,2020
7,83.113,2020
8,79.304,2020
9,89.24799999999999,2020
10,92.662,2020
